{"cameraMode":{"drawMode":0,"name":"Shaded","section":"Shading Mode"},"sceneLighting":true,"audioPlay":false,"sceneViewState":{"showFog":true,"showMaterialUpdate":false,"showSkybox":true,"showFlares":true,"showImageEffects":true,"showParticleSystems":true},"in2DMode":false,"pivot":{"x":47.660160064697269,"y":56.657684326171878,"z":-2.553339958190918},"rotation":{"x":0.49991172552108767,"y":0.028565997257828714,"z":-0.01650116592645645,"w":0.8654508590698242},"size":6.707534313201904,"orthographic":false}