{"cameraMode":{"drawMode":0,"name":"Shaded","section":"Shading Mode"},"sceneLighting":true,"audioPlay":false,"sceneViewState":{"showFog":true,"showMaterialUpdate":false,"showSkybox":true,"showFlares":true,"showImageEffects":true,"showParticleSystems":true},"in2DMode":false,"pivot":{"x":29.101526260375978,"y":13.041091918945313,"z":44.5368537902832},"rotation":{"x":0.2931278944015503,"y":0.6702558398246765,"z":-0.3290069103240967,"w":0.5971748232841492},"size":82.60514068603516,"orthographic":false}