{"cameraMode":{"drawMode":0,"name":"Shaded","section":"Shading Mode"},"sceneLighting":false,"audioPlay":false,"sceneViewState":{"showFog":true,"showMaterialUpdate":false,"showSkybox":false,"showFlares":true,"showImageEffects":true,"showParticleSystems":true},"in2DMode":false,"pivot":{"x":1.4753191471099854,"y":0.937000036239624,"z":0.07599997520446778},"rotation":{"x":-0.4149492383003235,"y":-0.21440351009368897,"z":0.1013016477227211,"w":-0.8784275650978088},"size":5.301375389099121,"orthographic":false}