{"cameraMode":{"drawMode":0,"name":"Shaded","section":"Shading Mode"},"sceneLighting":true,"audioPlay":false,"sceneViewState":{"showFog":true,"showMaterialUpdate":false,"showSkybox":true,"showFlares":true,"showImageEffects":true,"showParticleSystems":true},"in2DMode":false,"pivot":{"x":54.959590911865237,"y":17.151220321655275,"z":37.384071350097659},"rotation":{"x":-0.0857066959142685,"y":0.006571947131305933,"z":-0.0005499689723365009,"w":-0.9963248372077942},"size":19.660600662231447,"orthographic":false}