{"cameraMode":{"drawMode":0,"name":"Shaded","section":"Shading Mode"},"sceneLighting":true,"audioPlay":false,"sceneViewState":{"showFog":true,"showMaterialUpdate":false,"showSkybox":true,"showFlares":true,"showImageEffects":true,"showParticleSystems":true},"in2DMode":false,"pivot":{"x":33.57099914550781,"y":-2.5551204681396486,"z":20.92043685913086},"rotation":{"x":-0.2746299207210541,"y":0.6661540269851685,"z":-0.2905654311180115,"w":-0.6296038031578064},"size":45.426273345947269,"orthographic":false}