{"cameraMode":{"drawMode":0,"name":"Shaded","section":"Shading Mode"},"sceneLighting":false,"audioPlay":false,"sceneViewState":{"showFog":true,"showMaterialUpdate":false,"showSkybox":false,"showFlares":true,"showImageEffects":true,"showParticleSystems":true},"in2DMode":false,"pivot":{"x":25.399993896484376,"y":7.89999532699585,"z":9.5549955368042},"rotation":{"x":0.251211017370224,"y":0.42404162883758547,"z":-0.12373403459787369,"w":0.8613156676292419},"size":93.27206420898438,"orthographic":false}