{"cameraMode":{"drawMode":0,"name":"Shaded","section":"Shading Mode"},"sceneLighting":false,"audioPlay":false,"sceneViewState":{"showFog":true,"showMaterialUpdate":false,"showSkybox":false,"showFlares":true,"showImageEffects":true,"showParticleSystems":true},"in2DMode":false,"pivot":{"x":49.976036071777347,"y":14.994699478149414,"z":18.3383846282959},"rotation":{"x":-0.38728225231170657,"y":0.4684763550758362,"z":-0.23960314691066743,"w":-0.7571045160293579},"size":4.557523727416992,"orthographic":false}