{"cameraMode":{"drawMode":0,"name":"Shaded","section":"Shading Mode"},"sceneLighting":false,"audioPlay":false,"sceneViewState":{"showFog":true,"showMaterialUpdate":false,"showSkybox":false,"showFlares":true,"showImageEffects":true,"showParticleSystems":true},"in2DMode":false,"pivot":{"x":-0.3726309835910797,"y":2.6941487789154054,"z":1.7487635612487794},"rotation":{"x":-0.23186525702476502,"y":-0.1605171263217926,"z":0.03883945196866989,"w":-0.9586523771286011},"size":5.056462287902832,"orthographic":false}