{"cameraMode":{"drawMode":0,"name":"Shaded","section":"Shading Mode"},"sceneLighting":true,"audioPlay":false,"sceneViewState":{"showFog":true,"showMaterialUpdate":false,"showSkybox":true,"showFlares":true,"showImageEffects":true,"showParticleSystems":true},"in2DMode":false,"pivot":{"x":129.17449951171876,"y":-58.608177185058597,"z":107.62252807617188},"rotation":{"x":-0.3034076988697052,"y":-0.5446032881736755,"z":0.2202502340078354,"w":-0.7502379417419434},"size":154.72569274902345,"orthographic":false}