{"cameraMode":{"drawMode":0,"name":"Shaded","section":"Shading Mode"},"sceneLighting":true,"audioPlay":false,"sceneViewState":{"showFog":true,"showMaterialUpdate":false,"showSkybox":true,"showFlares":true,"showImageEffects":true,"showParticleSystems":true},"in2DMode":false,"pivot":{"x":61.61591339111328,"y":36.71202850341797,"z":30.421463012695314},"rotation":{"x":-0.32627585530281069,"y":0.5540429949760437,"z":-0.24959751963615418,"w":-0.7241239547729492},"size":10.651695251464844,"orthographic":false}