{"cameraMode":{"drawMode":0,"name":"Shaded","section":"Shading Mode"},"sceneLighting":false,"audioPlay":false,"sceneViewState":{"showFog":true,"showMaterialUpdate":false,"showSkybox":false,"showFlares":true,"showImageEffects":true,"showParticleSystems":true},"in2DMode":false,"pivot":{"x":56.334861755371097,"y":15.551506996154786,"z":17.366806030273439},"rotation":{"x":-0.47271931171417239,"y":0.5269768238067627,"z":-0.5123257040977478,"w":-0.48621806502342226},"size":12.722766876220704,"orthographic":false}